source_id,barycentric_distance,parallax,parallax_error
1830303916667961345,7712.8394,0.060811028,0.7818737
1830303916667961346,9112.694,0.27063927,0.77136576
1829947361502167041,2448.4163,2.9152093,0.85414046
1829947365662916609,337.0442,3.2031474,0.3155257
1830303822312898561,17636.555,-0.10905181,1.5581756
1830303938142797825,2903.5466,-0.1176047,0.30408442
1830300218701119490,3274.0623,0.4220032,0.8461444
1830300218835337219,6725.9663,1.1032498,1.0868056
1830303689034694657,6348.4067,1.173943,1.0503385
1830303869557538817,8662.839,1.1660668,0.699657
1829946386410373121,341.5265,3.056854,0.081766166
1830303839358550017,1242.933,0.41420498,0.8414939
1830303839492767746,2258.75,0.4212916,5.0530252
1830300222996086787,2124.061,0.77004176,0.6982485
1830300223130304514,992.46967,0.34256142,1.1133915
1830300223264522242,992.4694,2.2052822,1.3246006
1830301545846013954,2598.0852,0.46246317,0.18762404
1830303693329661953,637.4759,1.2938228,0.58219767
1829946395134525441,2634.0713,2.6670928,1.4419365
1829946395268743169,2634.0713,1.2614759,1.8901553
1829954860515065857,887.5486,0.973973,0.06260509
1829954860649283585,887.5485,0.950777,0.18203644
1829954868970782721,793.0717,1.2556129,1.2560127
1829954868970782722,1288.307,0.66190654,2.474104
1830303482876264449,15763.585,0.67502886,1.2841746
1830303487171231745,3736.1382,0.31365073,0.46280843
1830301511620493313,1771.6477,0.539144,0.08985919
1830352497043046401,547.9374,1.9409757,0.17916785
1829947803749580801,1311.5214,0.19172087,1.2439845
1829947803749580802,6847.098,-0.48861042,1.6379919
1829947808044548099,11803.314,0.439916,0.6828059
1830352149284913153,5912.7217,-0.12562104,0.48358947
1830301524371177473,1251.4863,0.25565904,0.8254763
1830300386204844034,347.09805,3.2965965,0.4138716
1830303744869269505,1529.6449,0.6758536,0.076216705
1829947812473733121,13126.303,0.24627787,0.40022087
1830303710509531137,1056.7294,0.20549653,0.9287242
1830303710509531138,1055.217,1.0227766,0.1761063
1830303714804498433,5017.0356,0.8597006,0.42588243
1830303719099465729,1532.327,-2.3988013,4.2969136
1830301507325526017,3043.8594,-0.08588404,1.3562925
1830301507593961473,3043.8367,0.15825205,0.16279057
1829954907625488385,1463.0593,-0.16967046,0.44347507
1830303701919596546,1444.8195,-1.5227046,1.2596464
1830303702053814273,745.7606,1.4294901,0.052326284
1830303702188032001,745.7606,0.60735035,1.7992363
1829946098647564290,2662.9758,0.43206245,0.118733175
1830300390499811329,538.858,1.6976453,0.17706452
1830300399089745921,1711.1058,0.6782564,0.13307922
1830300399089745923,1459.2286,0.37635878,0.35675848
1830440505217908739,579.7111,1.6445584,0.49799305
1830440505352126465,10895.492,-0.46741232,0.5321155
1829952476942434305,471.09143,2.5510445,0.2866118
1830352471273242625,2885.0576,-0.10412459,0.69506824
1830352475568209922,3343.8555,3.7472203,4.0559664
1830352475702427649,453.39166,2.22899,0.051467124
1830352475702427651,1418.2738,1.0299138,0.7474163
1830352475836645377,453.3916,2.2509527,0.05294019
1830352479863177218,747.5667,1.1491284,0.113476254
1830352479997394945,622.65594,0.82013386,0.6795303
1830437795093544961,511.46393,1.8559319,0.18282704
1830440518102810625,821.7084,1.2616014,0.5290854
1830439173912264706,2247.3594,1.0151666,1.1993657
1830439174180700162,2247.3596,0.4711641,0.17300242
1830300420698800129,8984.168,0.5310924,0.48910475
1830300429154516993,893.6916,3.199051,3.8831904
1830440440793399298,1667.9092,-1.1407385,1.4047174
1830440440793399300,5408.254,-2.7480707,1.4317825
1830440440927617027,3231.1248,1.3638382,0.5602463
1830440445088366594,1437.7406,0.6861601,0.06547797
1830440445222584321,7457.5186,-0.15319043,1.3881685
1830440449383333890,3282.7458,1.180033,1.0976365
1830440449383333892,1979.0758,0.534979,0.052082397
1830440453678301186,7608.5347,-0.08076622,0.9488658
1830440453812518913,685.3054,1.4160814,0.05203458
1830440458107486209,892.97766,1.2100958,0.25704435
1830440458241703937,892.9777,3.247488,1.5714667
1830440462268235777,6073.0586,-2.9955852,1.7843895
1830440466563203073,540.171,1.8278246,0.14325383
1830440466563203074,2117.9595,0.50189793,0.23671038
1830440466697420803,3546.9834,1.2464192,0.6491135
1830440466831638531,3546.9834,2.3671274,2.4230862
1829952438019293185,4211.2983,-0.707651,1.2589297
1830440470992388097,1140.8887,0.5268504,1.661279
1829945415747764225,494.20508,2.0925357,0.357896
1830440483877289985,445.63202,2.3091571,0.13709188
1830352110630207490,1285.5537,0.35384953,0.21319437
1830352110630207491,3338.7224,0.38588834,0.114036135
1830352110764425218,1285.5536,2.9312487,2.0289152
1830438898900140033,1289.5657,0.65997666,0.27870694
1830438898900140034,421.90814,2.1816447,0.24866685
1829955014999670785,843.1112,1.7184926,0.41335672
1829955014999670786,1473.7898,0.699602,0.09525447
1830352419867852801,963.4362,0.99541557,0.19592947
1830440526692745217,863.8942,1.2760811,0.18973659
1830440530987712513,2087.6482,0.40791735,0.052538693
1829952420839424001,753.82007,1.2953932,0.05229008
1829952420839424002,1104.6547,1.1502671,0.3619529
1829952429429358593,2882.0862,0.08412193,1.3267438
1830440556757516290,3875.278,0.059142385,0.44590402
1830440565481668609,5497.343,-1.1589537,0.7215596
1830440565615886337,5497.343,0.23976013,0.7215596
1830440565750104065,5497.342,0.66624063,0.8322375
1830300583907557377,9186.362,-0.5522559,2.5133357
1830300584041775105,9186.362,-0.28104743,3.4849463
1830439169617297409,1135.2283,0.93770736,0.35125908
1830439169751515137,1135.2284,2.4474766,2.765315
1830352196529553409,3052.5872,-0.13322248,0.32560888
1829946008453251073,1465.6505,0.86152965,0.12634318
1829945424471916545,2743.6716,0.14366414,0.30806968
1829946030062305281,10315.571,1.9326147,1.6903354
1829947842404286465,1625.0369,-0.41791496,1.3754511
1829947842404286466,5702.9937,0.79294705,0.51633644
1830300592497491969,1906.4688,-0.8538017,1.2635624
1830300592631709697,1906.4688,1.0830544,1.2635624
1830300596658241537,398.72662,1.425593,0.90181196
1830300326209519617,292.5813,3.316064,0.052064665
1830300326343737345,292.58182,3.3980849,0.052177258
1829946042812989441,549.43555,1.7560565,0.074679
1830437593364299777,1735.3533,0.3128719,6.5845003
1830437588935114753,430.5083,2.7051718,3.6498773
1830437588935114754,3208.5803,1.1424041,0.8306664
1829946051402924033,425.35736,1.0639149,0.63828593
1829946055697891329,594.845,1.6548176,0.131569
1829947850994221057,664.1106,1.6394187,0.38246405
1830300339094421505,1865.7101,0.041492146,0.5507833
1830437567460278273,8296.236,0.029559892,0.9869653
1829946180386160641,13576.454,-3.144809,1.2287409
1830439152303210497,403.94186,2.431617,0.071712494
1830439152303210498,767.2136,1.5099564,2.4783237
1830300309029650433,2175.3452,0.49561757,0.07850764
1830300571022655490,5487.165,0.39555496,0.67468244
1830300571156873217,726.9516,1.2582594,0.12665606
1830300579612590081,6965.804,-2.3589492,4.645109
1829952596933083137,2396.8362,1.0485638,0.5037069
1830352595827294210,1521.7,0.58417064,0.06858095
1830352596095729665,771.62177,-0.82817686,2.4454467
1830352596229947393,771.61816,1.2265373,0.052169085
1830300317619585025,551.3684,2.3070261,0.41915914
1830300545252851713,2433.0557,-0.14109726,0.4969127
1830300553708568577,1241.1492,0.8070069,0.10923156
1830300553708568578,2644.7812,0.61517626,0.16423
1830300553708568579,5661.079,-0.2666967,0.21932077
1830300558137753601,752.86566,1.2819417,0.059092302
1830300558271971329,752.86554,2.2494838,1.309102
1829952562573344769,689.16254,1.7266392,0.18124203
1829952566868312065,293.92856,3.5225546,0.16662511
1829952567002529794,7804.615,0.026807262,0.40723908
1829952567002529795,1789.526,0.4812817,0.074338466
1830438873130336257,13198.646,0.3078938,1.2214342
1830439143713275905,1917.5205,0.6130865,0.13137075
1830300893010984961,626.57324,0.69061315,1.2196232
1830300893010984962,5876.1504,0.72820115,1.2220769
1830300521764749314,1286.8256,1.1054198,1.0753726
1829952579753213954,3424.7236,0.7910662,0.46582752
1830352578781642753,631.9995,1.8108388,0.21268949
1830352578915860481,631.9996,1.4190565,1.3791366
1830437073539039233,211.42502,4.865913,0.14859399
1830437073539039234,696.22614,1.4427158,0.41364673
1830437077834006529,761.37665,1.2624125,0.060077555
1830437077968224259,3068.5999,0.17489141,0.1208081
1830437077968224260,3684.3728,0.2934443,0.15149121
1830437078102441986,830.8365,1.3336455,0.20117746
1830437078102441988,3684.35,0.49441352,0.17125346
1829947872469057537,7491.2544,-1.8766787E-4,1.3094984
1830437064949104641,2047.3289,0.9709849,0.5120089
1830300536662917121,1808.9333,-0.2948728,2.527036
1829952541232726017,839.5294,0.9493059,0.19982244
1829952541366943745,839.52936,1.6859756,0.53329957
1829952545393475585,2525.6416,1.2003031,1.6554866
1829952545393475587,1883.5359,0.26120454,0.5620805
1829952549822660609,1913.305,0.4871075,0.06443768
1829952549956878337,1913.3053,-0.045235503,0.6971635
1830352540126937089,7731.8535,-2.6597662,1.5689389
1830352544287686657,331.36212,1.8934171,1.1800067
1830352548582653953,612.98376,1.6964611,0.07909175
1830351234456879105,174.13356,5.804443,0.053198334
1830351234591096833,174.13615,5.5376487,0.10673803
1830300510758895617,596.10974,1.6047082,0.05325231
1830300515053862913,6458.374,-0.11010853,0.20670052
1830300519483047938,1286.8256,0.7410608,0.07237246
1829952558278377473,924.67,1.1623743,0.7055227
1830352550864355330,1124.9192,3.6559505,1.4769493
1830352553011838977,837.208,1.9722228,0.7230658
1830352553146056705,837.1731,1.8560548,0.8551429
1830300502168961025,1058.924,0.77251166,0.86577654
1830352527242035201,1262.5986,0.9158544,0.22221044
1830352527376252929,1262.5986,0.40270472,0.60754806
1830352531402784769,2720.8645,0.3577363,0.30741972
1830352531537002498,3325.6091,-0.24916339,0.93846446
1829947894078111746,1963.7164,-0.5248848,1.5534242
1829947898507296769,625.7943,1.4045845,0.449363
1830349048184307713,1302.1548,-0.7841846,1.5175947
1830300871536148481,615.8593,1.3919663,0.17394032
1830449056632012801,263.1742,3.7334275,0.05212582
1830449056632012802,2099.4695,0.5139344,0.11209113
1830449056766230529,263.17358,3.921102,0.48582748
1830349065364176897,2165.3599,0.056875173,0.7554671
1830449069382696961,91.87925,10.832518,0.051479008
1830349078383296513,563.44653,1.7708892,0.053402703
1830349078383296514,988.9568,1.0280664,0.060216557
1830349078517514241,563.44653,1.7394717,0.05406104
1829952506738769921,10682.796,0.43694633,0.59324235
1829952506738769924,2110.3276,0.4794008,0.08863834
1830352505632980995,11697.198,1.3985747,0.8764963
1830349082678263809,858.6334,0.68654484,0.4062675
1830449086696783874,1028.6383,0.69527435,0.15977839
1830449086831001602,1028.616,0.69278216,2.8164992
1830352514357133313,15040.7705,-0.28223032,0.2892845
1830449095152500737,1631.8341,0.59331566,0.07271438
1829945514532012033,13791.782,7.380998,4.4959483
1830446101560295426,1819.3436,2.116607,0.9083957
1830446101694513153,804.57306,1.3831614,0.059524514
1830446101828730881,804.57306,1.1081002,0.6884032
1830449017843089409,2521.7366,0.14861475,0.717059
1829947915418730497,685.59863,1.5628866,0.19004333
1829947919713697793,1498.8209,0.5977231,0.6851756
1830439225317654529,2792.882,-7.210762,4.0662127
1830449022138056706,643.9787,1.4802009,0.19486459
1830351887157690369,393.5768,2.5488493,0.05366547
1830438851655499777,903.8909,0.95395535,0.2301537
1829945523256164353,1075.6803,1.0005019,0.10083577
1829945523390382081,1075.6803,1.9197326,1.2817116
1829945523524599809,1075.6803,0.8599196,0.10083577
1829945523793035265,1075.6804,1.4542893,0.6223527
1830449035157176321,346.42502,2.864274,0.051968083
1830449035291394049,346.4246,2.757584,0.06570872
1830445530329645057,1429.0016,0.51571435,0.29539764
1829947924008665089,2284.9988,0.6736377,0.28460371
1829947928303632385,752.6714,1.406319,0.06331845
1829947928303632386,1093.7112,-0.07687744,2.4812331
1830300888716017665,1621.271,0.7259057,0.05683883
1830439203977035778,1255.6201,-0.23123991,1.447174
1830439204111253506,1255.6205,-2.5130866,2.9468093
1829945544596783105,1195.4893,1.45841,0.9534061
1830445547643731969,1014.554,1.0838256,0.24522379
1830445547777949697,1014.56165,-0.08698259,1.3198535
1830445547912167425,1014.63226,0.8253299,0.08050007
1829946133007302658,573.5557,2.369556,1.2474334
1829946133141520385,443.49884,2.224835,0.3412781
1829946133275738113,443.49878,-0.1466254,2.2627594
1830449150987075585,614.9805,1.4819183,0.12532026
1829946145892204545,1303.4471,0.74483895,0.14730933
1829946154482139137,850.2786,0.8825683,0.18365745
1829947932732817409,961.5393,1.0850441,0.061161134
1829947932867035137,961.5415,1.4184153,0.3071552
1830351861387886593,5113.3477,-0.13545734,0.31730196
1830351865817071617,913.4045,-0.38999894,1.1212804
1830351865951289345,913.4049,3.8958051,2.2573369
1830300854490497025,14165.051,3.0024023,2.7478848
1830300858651246593,5320.5435,-0.16357563,0.5518509
1830438830314881026,3898.2332,0.2083594,0.15521835
1830351874272788481,2049.893,0.4560742,0.23015201
1830351874407006211,3435.3223,0.43063894,0.16124423
1830351878701973505,2797.5186,0.54353815,0.6763271
1830351878970408961,2797.518,0.23527235,0.08479402
1830449168301162497,1099.3254,0.9791906,0.051813327
1830449168435380225,1099.3254,0.24443933,1.1237593
1830449168569597953,1099.3252,0.8620754,0.12940003
1830449168703815681,1099.3247,0.9226985,0.066688515
1829946167367041025,1507.9404,4.4115043,2.4019678
1829945561910870017,1015.9039,0.94505167,0.24088542
1829945561910870020,1993.5908,0.56292355,0.17677738
1829945562045087745,1015.80756,0.22537398,0.761946
1829945562045087748,1993.5916,0.93963176,3.0726926
1830445560394416129,747.082,1.3368325,0.14145598
1830351848502984705,12171.759,-1.6718725,4.2221746
1830349172738359297,2333.579,1.0740492,1.2350601
1830349177033326593,499.43997,1.9323943,0.13671167
1830300863080431618,2683.3545,0.23262878,1.098472
1829945574661554177,1647.2386,-0.06460324,0.72041184
1829945579224956929,458.94467,2.0981846,0.11880716
1830351857227137025,1065.2063,1.5160309,0.96694875
1830351857227137027,5700.088,0.29751283,0.22284068
1830351857361354753,1065.2062,3.0202835,1.0538146
1830351857495572481,1065.1973,1.1071986,1.0924791
1830449185346813953,419.59415,2.7985249,0.22896965
1830449185481031682,2221.7617,-1.278789,1.9614674
1830449189775998977,17005.322,1.6700087,0.75158095
1830300832881442817,1326.3055,1.0039213,0.22682165
1830445582003470337,5306.615,0.22050408,0.73093605
1830445582137688065,5306.615,2.103862,0.8649868
1829946616191123457,1006.5039,-1.4754527,2.399128
1830349198508163073,1056.6165,1.0454206,0.2972016
1830449198231715842,588.01404,0.94935,0.6003691
1830449198500151297,302.54514,3.8026302,0.40341112
1829945591841423363,2917.784,0.23124896,0.123497665
1829946622633574401,7820.765,0.6148037,0.46020773
1830351822733180929,1948.4114,0.5584385,0.079386145
1829946639813443585,732.9485,1.3537078,0.072674945
1830446636283723777,897.5926,2.1807535,0.54363835
1830300841471377409,314.086,3.283313,0.08482946
1830300845900562433,799.9476,1.2878792,0.06965569
1830300846168997889,799.9476,1.3052793,0.07175449
1830439298734751745,1316.1246,1.6826074,2.6677918
1830446647021142017,1029.2682,4.284871,1.3693867
1829946656993312769,1406.6731,0.9309138,0.31651554
1829946656993312771,2875.7175,0.27235365,0.09114491
1830439272562294786,1118.1931,2.2572901,1.1331607
1829946665717465089,1223.3948,0.35886416,1.8749353
1829946665985900545,1223.3953,0.99704146,0.9321843
1830446668495978497,4369.3115,-0.29846042,0.28498006
1830351818438213634,478.65012,2.026911,0.056474593
1830351818438213635,549.87604,1.94632,0.13013853
1830351818572431361,333.60245,2.9018004,0.083963215
1830449103742435329,1116.314,0.45362186,0.16500022
1830449108037402625,339.86746,2.33254,0.90489984
1830449116627337217,648.59186,1.658907,0.22792552
1830446672790945793,930.8663,0.67765635,0.79276276
1830446677085913089,7096.3604,0.4339613,1.4356525
1830300828586475522,1993.8062,1.6836556,0.7070334
1830300828720693249,1282.5243,0.77648884,0.12757374
1830300828989128705,1282.5746,3.1387262,1.8935479
1830351900176809985,411.61612,2.504537,0.054893207
1830351900176809986,5620.4717,0.06747313,0.45836627
1830351900311027713,411.61575,2.5287168,0.67450625
1830351900311027714,5620.462,-1.3293374,3.6271791
1830351900579463169,411.6169,2.4808915,0.068668775
1830449129646456833,1649.9927,1.094737,0.7881587
1830449129780674561,1649.9927,-3.0764225,2.7489836
1830439796682522625,941.63153,1.7508578,0.7043422
1830439796816740353,941.6309,4.1386313,1.9692256
1829945003430903809,431.55887,2.5675876,0.17013107
1829945003430903810,2254.6167,0.5600779,0.0810613
1829946682897334273,2548.063,2.1736887,5.622921
1830446689970814978,1347.8918,-0.8224654,2.4638867
1829946291921092609,8260.553,3.0334263,2.345138
1830446299128791041,14167.609,-0.0012355382,1.0860432
1830439994251018241,5645.048,0.4179115,0.61361885
1829946691353051137,697.60236,1.5406998,0.7469941
1829946691353051138,15038.805,-1.1375052,0.88076264
1829946691487268867,2027.6951,-1.1348498,2.864876
1829946691621486595,2027.6951,2.0556476,2.864876
1829946691755704323,2027.6951,0.5742527,0.10939815
1830446690105032705,1008.91754,1.0519642,0.062852256
1830439977071149057,2395.7183,0.036039274,0.23310043
1830439977071149058,4452.6855,0.5871759,1.0311863
1829946708667138049,902.68756,-2.1676674,1.8275013
1830446702855716865,671.42523,2.1872084,1.3451625
1830439985929519105,11728.374,-0.5301087,2.3374143
1830351990236905473,271.65033,3.5715206,0.052795846
1830439964052029441,509.4236,2.0380719,0.36436746
1830439968346996737,1159.3724,-2.853038,4.181066
1830439968481214466,2498.9958,1.0649579,0.7194359
1830439951167127553,786.421,1.4402918,0.13245039
1830300906030104577,4977.0474,-1.7096249,0.9100898
1830350908039364609,1180.7706,0.6814239,0.22801271
1830439933987258369,1880.4572,0.62036806,0.2624472
1829946717122854913,8880.235,0.1987338,0.40254986
1830439921102356481,2010.4496,0.54620874,0.15772846
1830439925397323777,1286.2305,0.79402447,0.08299696
1830437120783679489,22434.523,-0.13505225,1.2935458
1829945213884301313,437.85846,2.9403343,1.1343136
1829945213884301314,1857.9353,0.11979985,0.49572647
1829945213884301316,2807.527,1.8102102,1.2487482
1829945213884301317,5330.7417,-0.6555494,0.8913551
1829945218179268610,6573.3354,0.17799218,0.17243391
1829945218313486337,1189.3281,0.9290786,0.07600598
1829945218447704065,1189.32,-3.1451306,1.910245
1830439912512421889,1562.7412,0.88417983,0.17972293
1830439912646639618,1166.9601,0.7705609,0.06870062
1830439912780857346,1166.9601,1.9605805,0.76766586
1830439912915075074,1166.9601,0.8864648,0.32231575
1830439913049292802,1166.9601,0.60756147,0.38339245
1829946721417822209,2187.7556,0.36890152,0.18390556
1830446728625520641,1121.792,1.3569574,0.95374924
1830300910325071874,3258.3862,0.3888094,0.50307924
1830300910593507329,1710.497,-1.6533312,2.088822
1830300918780788737,2466.2568,0.4646113,0.97154194
1829945226769203201,2906.1035,0.88469064,0.5677449
1829946734302724097,468.34222,2.2402117,0.0922084
1829946734302724098,2092.3867,1.0821661,0.3672138
1829945231198388225,930.42865,1.423176,0.4853521
1829945231198388226,532.9764,2.747113,0.69852155
1829945231332605954,532.9764,-0.1994786,1.6472734
1829945233480089601,930.429,-6.6319776,2.6699898
1830442201729990657,1762.7269,0.58903575,0.061210684
1830351951716417537,4807.184,-2.35349,2.8559175
1830351955877167105,715.8039,1.344797,0.21478543
1830439775207686145,632.36804,1.598732,0.059676997
1830439775341903873,632.37036,1.5518011,0.18647109
1830439779502653441,7069.111,0.18622258,1.2169603
1829952657062625281,1193.611,0.5297631,0.30095643
1829946742892658689,1574.9357,0.7087838,0.6881399
1830446745939607553,877.0218,1.1274204,0.058193468
1830446745939607554,2944.367,4.5041375,5.088097
1830446746073825281,877.022,0.79747707,1.3526399
1830446746208043009,877.04425,1.1546335,0.058661837
1830446746342260737,877.03186,0.59737366,0.54189575
1830442236223946753,13770.061,1.1217785,4.016181
1829945012155056129,1117.5942,1.0084642,0.13841337
1829945012289273857,1117.5942,1.6890249,3.2692535
1829945012557709313,1117.5942,0.9226544,0.1754814
1830351964601319425,1466.2512,0.5495992,0.13039896
1830351964601319426,1674.8866,1.1483228,0.31985193
1830351964735537153,1466.2495,0.6960245,0.1607874
1830351964735537154,1674.8866,0.4236969,1.7828932
1830351968762068993,6090.852,0.17898065,0.20315509
1830446750234574849,2384.157,0.22450057,0.07306209
1830446750368792577,2384.1572,-0.30028313,0.84391665
1830446754529542145,4623.887,-0.3640031,2.7431645
1830446758824509441,587.11707,1.5224475,0.20559952
1830442287763554305,287.04007,2.9546397,1.0797971
1830442287897772033,287.04004,3.0494127,1.3689948
1830439766483533825,933.4281,1.6756036,1.3639698
1830439766483533826,1282.7178,1.9734275,1.0736568
1830445268336640001,7461.0405,0.16051154,0.84258103
1829946764367495169,5404.311,1.192656,0.6584431
1829946768662462465,1761.4479,0.46506557,0.19363403
1830446767280226306,1235.8318,0.73122424,1.1427307
1830351934402330625,472.7807,1.9786847,0.55934364
1830351934402330626,1753.9357,0.79373556,0.16163498
1830351938831515649,1094.1436,0.5193771,2.2432814
1830351938831515650,1458.0087,0.80297637,0.08890334
1830351938965733378,1458.0087,0.65936154,0.45388818
1830351939099951105,1094.1426,0.5220411,2.6827557
1829946773091647489,2020.8038,-0.7340425,0.9887118
1830446775870160899,2727.774,0.174914,1.5749339
1830446776004378625,540.6923,2.1383092,0.8295009
1830446776138596353,540.6923,5.264431,1.8622133
1830300197226283009,444.83472,2.190653,0.28548318
1830300197360500738,2136.9841,0.35370952,0.072969176
1830300197494718466,2136.9902,2.7365086,2.6886728
1830439753598631937,1190.8175,0.80431014,0.051833622
1830439758027816961,1847.6451,0.3146577,0.15144295
1829946785976549377,2118.2324,0.35872683,0.12233019
1830446780299345921,8612.025,-1.1357688,1.0754122
1830351917222461441,14848.062,2.7505238,1.3469535
1830300162866544641,3996.1438,1.3087859,4.313314
1830442300514238465,1830.2179,0.83111155,0.6516073
1830442304809205761,1083.1847,6.6214633,3.83112
1830442304809205762,4844.7876,1.3262122,0.5903302
1830442309238390785,603.52057,2.3686416,0.65050966
1830442309372608513,603.5206,0.9680601,1.0735213
1830442313533358081,47828.75,-0.11533812,0.3740461
1830442317828325377,1429.1853,0.825367,0.3584571
1830442322123292674,15992.144,1.2916745,1.2371805
1830442326284042241,770.3719,2.8834028,0.9585932
1830442339303161857,1950.824,0.35411814,0.23391856
1830445311286312962,1300.2545,0.7840788,0.10952246
1830442352053846017,16029.776,-0.4362451,0.25752828
1830445324305432577,4364.575,-0.007556795,0.21749789
1830300171456479234,13216.762,1.4475398,1.5352572
1829952622837104641,1447.0198,-0.18447015,0.9699158
1829945020744990721,3580.9543,3.6191156,2.4354043
1829945020879208449,3580.9543,2.1558228,2.8830984
1830445358665170945,1492.7764,0.25459608,0.3761576
1830445358799388673,1492.7764,2.8045127,3.3927493
1830439719238893569,244.74986,4.23127,0.27614406
1830439719238893570,5363.1523,0.3966273,0.5657105
1830447602651365377,733.8588,1.1338937,0.60294944
1829944801567440897,3037.958,1.156499,1.1878297
1829944801701658626,1231.1195,0.98727816,0.33010894
1829944801835876354,1231.2965,2.362232,2.2206016
1829944805862408193,2564.916,0.47987244,0.3062454
1830445371415855106,2873.517,1.0477108,0.608493
1830445375710822401,1204.4534,0.6291485,0.54872435
1830300158571577345,2622.086,0.27473506,0.22717921
1829955959892475906,1516.7585,-0.11491735,0.8396176
1829952605657235457,5032.6406,-0.07878641,0.89663416
1830442004161495041,314.13635,3.493976,0.605152
1829946210450931713,11188.277,0.40560648,1.3183212
1829946218906648577,283.70575,3.6544752,0.13280874
1829944707078160386,1905.1123,0.8140276,0.4509496
1829946227496583169,523.90424,2.7438736,1.5499405
1829946227630800898,1063.4241,0.75487125,0.8442311
1829946227765018626,1063.4241,-0.26234078,1.0017105
1830447626407903233,649.6887,1.4603328,0.1425895
1830447626542120961,649.68866,-0.15599282,0.748008
1830442034360483841,250.7322,3.9904351,0.05145085
1830442034494701569,250.71185,4.031611,0.05149553
1830446234704281601,1209.8931,0.7072301,0.1776799
1830439023454191617,1258.2688,0.76520497,0.11633053
1830439027749158913,10773.487,0.84494054,0.5982662
1829946244676452353,981.6046,0.41403008,0.51719034
1829946248971419649,664.4316,1.8750532,0.27679896
1830442081605124097,2261.414,0.41989112,0.09276582
1830442081739341825,2261.4163,-1.818955,2.9116375
1830442085900091393,2593.6152,0.80114555,0.48245025
1830442086034309121,2593.6152,0.6445424,0.64688677
1829945806589788161,929.96436,1.4157931,0.25449398
1830445800912584705,260.85892,3.8965037,0.06413258
1829946253400604673,7749.9595,5.1362834,3.0204349
1829946257695571969,6829.8794,-0.61813223,0.8158375
1829946257964007425,6829.8794,-0.86549324,1.5406798
1829945815179722754,787.7266,1.3299795,0.063612655
1829946261990539265,1444.1204,3.9807935,4.7376533
1830446264769052673,3751.576,0.3150231,0.6645476
1829944715802312705,2904.1094,-1.0421184,1.1026924
1829946270446256129,3804.2214,0.2890377,0.51521766
1829946274875441153,1296.0789,1.0493214,0.24877577
1830446277653954562,4432.281,-1.7787578,2.393215
1829953043609681921,3559.421,-1.2373242,1.2084624
1830003041323974657,1660.1215,-7.7785144,3.6184335
1830439014864257025,9986.885,0.056326393,1.4671099
1830439019159224321,7366.11,0.117426746,0.31844574
1830439019159224323,2736.297,0.16245198,0.6153121
1829946283465375745,951.1658,1.4828048,1.3556588
1829946287626125313,8913.238,0.08396304,0.4685632
1830351644492038145,1038.8884,1.2412465,1.4899399
1829945080740315137,1003.7706,0.856973,0.34508538
1830351621003935745,806.5893,1.4058198,0.4666571
1830351621003935746,1699.827,0.3730773,2.111104
1830351621138153473,806.588,1.2837595,0.50159717
1830351621138153474,1699.8285,-5.2255125,2.111104
1830301485716471809,582.2781,5.0057607,2.345503
1830439822318108673,1421.4612,0.20629968,1.2121835
1830439826747293697,27345.809,1.0970366,1.1096033
1830442107240710145,222.84857,4.548454,0.05330599
1830442107240710146,5506.197,-0.440063,1.4083498
1829944724258029569,1599.7697,1.021588,1.1546242
1830447643453554689,4883.454,0.035178207,0.60106313
1830442115964862465,300.30066,3.3487008,0.105181515
1830442115964862466,1184.4293,0.76445436,0.11692412
1830442115964862468,2998.6873,0.18209285,0.19753096
1830442116099080196,2998.6873,0.6138858,1.0363111
1830442116233297921,300.37234,3.235668,0.105181515
1830439818023141377,1100.1049,0.9642441,0.093823984
1830439818023141378,1181.9296,0.6960296,0.45946643
1830442124420579330,3413.517,0.5191246,0.18620418
1830442128715546626,845.9164,0.81852406,0.6570162
1830442128715546627,1582.1063,0.8179342,0.6751087
1830442128849764356,1835.5618,0.74715084,0.25960717
1830301490011439105,526.60516,1.880147,0.061683238
1830301490145656834,7306.175,-2.1759584,2.87884
1830301490145656835,7562.373,-0.1499648,0.895196
1829945875309264897,1435.8617,0.053551387,0.3096837
1830442154485350401,902.887,2.114253,0.70755213
1830442163075284994,8670.873,5.5045347,3.805401
1830442163209502721,1307.0149,1.9838145,1.7261672
1830442163343720449,1307.0149,1.8532051,2.0621283
1830442163477938177,1307.0122,1.3571596,1.4466683
1830442167370252289,7132.831,1.9400334,2.5556087
1830442175960186881,5463.1006,-0.25646546,0.84044117
1829944810425810945,512.10425,1.9577976,0.10723004
1830442180255154177,1027.157,-0.08068867,0.585916
1830442180389371906,648.14685,3.0786676,0.66255563
1830442180523589634,648.1462,-2.535936,1.8710004
1830442197435023361,809.36365,1.0512075,0.30029285
1829945888328384513,237.2659,4.1594963,0.054313093
1829945888596819969,237.25963,4.1926126,0.1312604
1830442700080414721,2267.7727,0.37774414,0.084800445
1830442700214632449,2267.767,-2.0252266,1.6434816
1830442704241164290,1470.3083,0.6885518,0.124725126
1830442708670349313,3170.2126,1.0399988,0.38187352
1830442712965316609,1783.2388,1.2684021,0.7448848
1830442614046851073,137.01286,9.22369,2.490756
1830447656338456577,1749.3595,0.5066388,0.086612396
1830442626931752961,1400.3293,1.5998003,1.4973199
1830442626931752963,5229.845,0.8944006,1.0745158
1829945046514794497,3593.0217,0.16850357,0.24635756
1829945046649012225,3593.0217,2.2358763,3.0153227
1830351638049587202,2917.0024,0.44148478,0.17371096
1830442644111622145,1779.2563,0.6742376,0.24967536
1830350946559852545,1109.8759,0.98388845,0.3287396
1830442657130741761,1111.0087,0.7581855,1.5002341
1830442657264959489,1111.0087,0.20325285,3.030432
1830442669881425921,2750.9534,0.21169944,1.5266585
1830442669881425922,3880.2817,0.14888969,0.69335884
1830439092173668353,33789.266,-0.40335503,0.35584742
1829945890610085889,237.26588,4.030534,0.17538363
1829945890878521345,237.26448,4.2309203,0.19939676
1829945896918319105,4448.2314,-0.5979737,1.4186832
1829945897052536833,4448.2314,-3.2566314,3.0800993
1829945050809761793,1014.6133,1.0664818,0.12741803
1829945050943979521,1014.6133,4.441605,3.5040133
1830442678605578241,881.8392,1.1937165,0.06792584
1830442678739795969,881.8391,1.6420796,0.41166347
1830442682766327809,1174.8668,0.9249062,0.08957684
1830447660633423873,10431.6045,-0.2708032,0.7539767
1830447660767641602,3694.5051,-0.24934238,1.1562587
1830447665062608897,113.43107,8.813932,0.2175194
1830447667344310273,113.4312,11.30226,1.4979997
1829947060720238593,841.63525,1.1016799,0.101416014
1829947069444390913,1761.5945,0.7407082,0.15200545
1829947069578608641,1761.592,-0.6224301,0.72227955
1830442730145185793,9549.925,0.24056359,0.7771543
1830442738600902657,1268.63,1.4998895,0.7415992
1830442747190837250,1722.791,0.6849773,0.8506958
1830442755914989569,152.69826,6.1859736,0.49104553
1830442756049207298,579.2047,1.6056008,0.74573094
1830351601542365186,847.14795,0.9894918,0.67316735
1830350955284004865,2270.643,-1.542172,1.2321377
1830442764370706433,605.8945,1.6044918,0.10739656
1829945067855413250,1154.9148,1.2165774,1.0040368
1830442403727671297,1688.0715,1.2223994,0.4952325
1829944838074662913,1397.6504,1.787552,1.5507478
1829947078168543234,630.19867,1.4453919,0.43623745
1829945935438807041,3231.2458,0.16257124,0.25760612
1829947082195075074,882.97076,1.1665823,0.061086886
1829947082195075075,1623.2206,0.68202674,0.10516665
1829947082195075076,1651.7784,-0.017108465,0.2945765
1829947082329292801,610.88715,1.6585735,0.052603617
1829947082463510529,610.88715,1.5348139,0.05847494
1829947082597728257,610.88446,1.6369995,0.06906695
1830300923209973761,5282.5044,0.1290306,0.4735393
1830300927370723329,1480.4307,0.6748806,0.18656561
1830300927370723330,1752.8799,-1.521038,1.7235732
1830300927504941059,1924.4257,0.4567343,0.079587065
1830300927639158787,1924.4257,-0.40703946,1.3144199
1830350925219233793,1454.2686,2.5282786,0.6705171
1830350925487669249,1454.2917,-0.4059951,0.6705171
1830350925621886977,1454.2948,0.496689,0.93894976
1829953030724780033,2065.9292,0.42047545,0.09131954
1829953030724780034,1258.5045,0.825211,0.06635916
1830442438087409665,5746.9424,0.082898304,1.0902847
1830439070698831873,1454.0651,0.60248524,0.2273771
1830439070833049602,2962.214,-0.1157916,0.23255189
1830303508646068225,7552.9873,-0.06242272,0.3255792
1830303508646068226,11092.577,0.3766699,0.50833994
1830442459428028418,563.7111,0.8597297,0.39368045
1830438993389420545,2148.8005,0.51598024,0.16252562
1830438993389420546,697.1314,1.808954,0.3579713
1830438997818605569,3901.2046,0.7153107,0.55579597
1830447682242478081,1179.1436,-0.622202,2.44982
1830447682510913537,1179.1537,4.155278,1.4379103
1830447686403227649,532.0663,1.8623774,0.21746053
1829944840222146561,1571.1166,2.0559535,0.86985236
1829944840222146562,6395.6978,-0.3806968,1.3637602
1830447097992708097,2087.1624,-1.802394,1.0723171
1830442472312930305,1032.8923,0.1511841,0.95292896
1830442472312930306,8791.633,0.61864704,0.5089027
1829944758617767937,4194.322,0.35675013,0.20733294
1830442601161949185,401.14767,2.4937408,0.06989012
1830442605591134210,20450.04,13.98877,13.634011
1830349263066890241,2324.4402,0.5783441,0.083464175
1830449262656225281,322.46774,3.1450791,0.12045515
1830449266951192577,6033.4287,0.19048543,1.1444789
1830449267353845762,1309.6155,1.9058784,0.69008416
1830442510967635969,1175.7686,0.7598175,0.11778144
1830442515262603266,2504.6414,0.6346624,0.26107296
1830442515396820993,1077.4283,0.834943,0.054367304
1830439062108897281,1498.3384,0.5665685,0.12208733
1830439062108897282,778.0457,1.1688054,0.36484453
1830439062108897283,2986.325,0.37177995,0.2739091
1830442523852537857,461.7172,2.2171042,0.05201766
1829945093625217025,430.66086,2.2349143,0.09954176
1830449271246159874,2829.1296,0.47517532,0.16107924
1830449279970312193,692.6406,0.8137313,0.34478542
1829953000794226689,8720.12,-0.8334488,1.1233377
1829953009384161282,784.5767,0.50460064,0.64135706
1829953009518379010,784.5767,1.22193,0.7570641
1830442558212276225,7662.9014,-2.3009355,2.5413015
1829946412180176897,815.5212,0.7859715,1.2639357
1829946416609361921,891.13293,1.3576435,0.57179534
1829946416877797377,891.13306,0.94829196,0.5671227
1829946418891063297,891.13293,-1.3653332,2.270535
1830446410797940737,473.93298,2.3529887,0.27893895
1830446415092908033,515.4163,1.7205663,0.08538731
1830446419387875330,604.7918,1.789278,0.0765471
1830442566802210817,2377.7559,1.9186137,1.6061656
1829947013609816065,6905.724,0.035360463,0.07507481
1830447016388329473,605.1177,1.9507012,0.9635862
1830442571231395841,1708.2582,-0.07146072,2.174684
1830442571365613569,1708.2582,-1.4677609,1.5281744
1830442571499831297,1708.2582,0.42592254,0.13179554
1830442575392145412,4565.7295,-0.5897825,1.1373613
1830442588277047297,767.59015,1.6482503,0.24726643
1830442588411265026,12369.238,0.4148535,1.6051556
1830447694993162241,2419.667,0.2529477,0.099249296
1830447694993162242,3418.551,-0.53985995,0.57658434
1830447699288129537,1851.3679,-0.15696096,0.3043759
1830441901216497665,1214.7092,1.302338,0.8003193
1830441901350715393,1214.7092,-0.9611245,2.2802026
1830441911819698177,1225.392,1.732862,0.7970794
1830441913967181825,3233.707,0.25455165,1.2750566
1830439053653180417,2184.4688,0.7260422,1.3426878
1830439057813929985,15435.158,0.21392448,1.4181571
1829945965637795841,3369.9385,0.22953908,0.14734235
1829945969798545409,589.1,1.5948073,0.29605785
1830441926852083715,567.3291,2.4829962,4.2920628
1830349280112541697,549.0308,1.9644592,1.335294
1830349280246759426,9210.2705,0.6029659,0.36702463
1830349288702476291,1868.8206,0.62858516,0.09201392
1830349288836694017,1154.7688,0.9251146,0.10156919
1830349288836694018,1334.874,0.85898656,0.8264251
1830349288970911745,1154.7687,-0.60502464,1.6271819
1830349289105129474,1334.8743,0.41357374,0.41512603
1830449280104529921,692.6317,1.5688576,0.50375605
1830449288560246785,2671.5518,-1.4898837,1.0525888
1830449292855214081,1052.2677,0.49592802,0.5633512
1830449292855214082,9686.652,0.2752503,0.5372527
1830449292989431809,1052.2805,0.65818006,0.7870621
1830441944031952897,477.75537,1.4376638,0.5795891
1830441858132606977,4007.1755,2.1733372,1.2805145
1830441841086955521,1488.8284,-0.24635398,4.2645445
1830441866856759297,512.465,1.8796093,0.0766206
1830441866990977025,512.4651,1.9631022,0.11685883
1830439049358213121,469.46445,2.0985496,0.052242577
1830439049492430849,469.46335,2.074486,0.11468067
1830441871151726593,1027.6086,0.8872974,0.075435154
1830441871285944321,1027.6077,0.97935784,1.892325
1830441884305063937,1011.4575,1.2070352,0.46115977
1829947030655467521,854.01196,0.8393506,0.57541054
1829947030655467522,1381.6392,2.7823634,1.1957848
1829947039245402115,3901.3406,0.06677562,0.74888945
1829947039379619842,1171.5388,0.7544753,0.10037285
1829953013544910849,8144.186,0.83711153,0.6359078
1829945974093512705,670.8612,1.5463083,0.05211567
1829945974093512706,1527.2532,2.0809138,1.1833268
1830441965506789377,693.68506,1.3940264,0.054543972
1830441965506789378,2523.4043,0.3888376,0.08511036
1830441965506789379,1862.3103,0.37097216,0.18358059
1830447703717314562,4576.299,-0.31206948,0.5171371
1829944775797637121,2337.933,0.24592492,0.26653847
1829944865991950337,814.80676,1.2138662,0.09638148
1829944866394603522,8958.765,-0.2142287,0.24727687
1830441986981625857,63.657845,15.650953,0.054002002
1830441995571560449,1198.4718,0.7501857,0.15887329
1830441995705778178,923.9958,1.1338949,0.17190455
1829946450834882561,1572.7113,1.1115606,0.69038284
1829946455129849857,3605.6372,0.3265591,0.8553764
1830351590804946945,354.19147,2.8860857,0.26927358
1830351595234131969,1759.0884,-0.33864585,0.3867466
1830351599394881537,885.33826,1.1938368,0.06367762
1830349219982999553,2683.2524,1.1193066,1.3763115
1830449211116617729,684.9464,1.6365683,0.10507962
1830449211116617730,3210.7917,0.95392394,0.45702213
1830449215411585025,434.81992,2.3230305,0.052106995
1830349207098097665,751.6623,0.69381005,0.44909948
1830449202660900865,738.37085,1.4522214,0.058922753
1830449202795118593,738.3709,1.5388491,0.32289112
1830449202929336321,738.3714,1.1322451,0.3018173
1830449203063554049,738.35834,1.4136285,0.08247304
1830441707808751617,2397.4287,0.36825976,0.079166874
1829952992204292097,3704.468,0.16959752,0.18927509
1830351577920045058,1223.4686,1.0409381,0.8101022
1830351578054262785,391.4629,2.526362,0.058232985
1830351578188480513,391.4629,2.3668504,0.14214367
1830446303423758337,807.5051,1.1527201,0.05997516
1830299909463474177,1253.68,0.6782829,0.06663837
1829944870286917633,401.0029,2.3774238,0.053355064
1829944874716102658,3502.9622,-0.62278867,1.0905011
1830439306922033153,1575.5442,0.7626396,0.10396667
1830349224412184577,1788.8579,1.5079738,0.9414553
1830349224546402305,1788.8579,6.193251,2.7657657
1829944780092604417,3033.3425,0.9826612,1.1092182
1829944784521789441,623.3992,1.7505164,0.30617204
1829944784656007169,623.3992,2.0168033,0.26282296
1830349241592053761,597.8226,1.6557415,0.052318577
1830349241726271489,597.8301,2.1236668,0.4747421
1830349245752803329,713.642,1.3668889,0.17907283
1830449245476356098,12327.605,1.5171154,1.1907886
1830449245610573825,485.47177,2.094515,0.14679796
1830449245744791553,485.47455,2.119031,0.90225774
1829946313395929089,1024.459,1.6724564,1.0816144
1829946313395929090,3394.3975,0.348356,0.36312148
1829946317690896386,2957.5576,-1.1425247,0.86280024
1829946317825114113,677.772,2.0494833,0.7971637
1829946317825114115,3765.2083,-0.2506139,0.31622058
1830299926643343362,1646.8788,0.7841638,0.4596759
1830299926777561089,515.8238,1.9941698,0.07637213
1830299926911778817,515.82385,1.6406932,0.25288516
1830299927045996545,515.81744,1.9797606,0.05165101
1830299927180214273,515.82306,1.8954582,0.11155014
1830439560459321345,5569.389,-0.00466393,0.5090974
1830439568915038209,637.1404,2.3986022,0.6834689
1829945995568349185,1119.1609,0.7045204,0.3033936
1829945999863316481,4598.428,1.0069822,0.5436496
1830299931072528385,9098.557,0.0098836105,0.27993926
1830441694923849729,565.1746,0.83085406,1.0581987
1830440011296669697,2044.4531,0.7878731,0.235133
1830440015591636993,15967.227,1.1916797,1.3218563
1829946320106815489,677.7708,2.9910548,2.0129364
1830299944091648002,526.1388,2.7563226,1.051771
1830447441590091779,1620.3594,0.68012303,0.1934753
1830447441724309505,891.00635,0.9566866,0.47954822
1830447441858527233,891.0064,4.1768184,2.2340147
1829945604860542977,667.7354,1.4818523,0.44570586
1829945604994760705,667.7355,2.3712127,1.0496182
1830441819477901313,9996.902,0.8079484,0.73195845
1830438972048801794,1855.5388,0.7520828,0.70932513
1830438976343769089,120.46052,8.325931,0.06993951
1830438976477986817,120.46057,8.32854,0.078374565
1830447454609211393,546.04626,1.878085,0.058001425
1830447454743429121,546.077,1.8415241,0.30843136
1829946335004983297,726.2328,1.306456,0.054208376
1830438963324649475,1108.8695,0.8563488,0.05602006
1830438963458867201,802.2626,1.3267629,0.18041472
1830300691281739777,1012.30365,4.4746733,1.6538769
1830441750758424577,5440.195,-0.48671967,1.3029516
1830441755053391873,1985.1487,0.964619,0.43455905
1830441763777544193,1604.168,0.70434207,0.14835157
1830299995362820098,333.57678,3.129806,0.120654374
1830299995362820099,538.8055,1.5549006,2.775038
1830299995497037825,496.78036,2.1428592,0.2354362
1830299995631255553,496.78036,1.4112225,0.31173983
1830299999792005122,1048.5952,0.885728,0.103777714
1829946343460700161,484.24905,2.0162313,0.051891148
1829946343460700163,1249.4226,1.0177681,0.39429033
1829946343594917890,893.3005,1.785704,0.44065288
1829946343729135618,893.3005,1.0971558,0.44065288
1829946343863353346,893.3005,-1.1627333,1.2013918
1829946343997571074,893.3005,-0.32776222,1.6899835
1829946347755667457,3173.4014,0.1925878,0.27711576
1830447463199145986,1510.3406,0.4356503,0.64867103
1830447463199145987,2644.7866,1.3997811,0.49441773
1829944891895971841,5611.471,-0.1753045,0.4191579
1829944896056721409,2019.7603,0.50528127,0.07410658
1830441774380744705,1299.9423,0.98533577,0.8537229
1830441776662446081,526.7641,1.8921244,0.06129103
1830441785118162945,1864.0903,0.41782838,0.066898175
1829946360640569345,1858.5458,0.50277066,0.6614234
1830447471654862849,138.88393,7.192999,0.051756803
1830439547440201729,2153.2515,0.3735245,0.1732612
1830300240175955969,323.1275,2.6470716,0.30795714
1830300240175955970,1888.323,-1.3643633,1.2952011
1829952949254619137,1185.6638,0.8628219,0.068045855
1829952949388836865,1185.6638,1.2474804,0.86572194
1830439530260332545,5585.984,1.2581829,1.5200418
1830439534555299841,610.45715,1.5281243,0.18157832
1830439534689517570,1028.1215,0.65327936,1.1662141
1830439534823735298,1028.1215,1.1070048,1.6517574
1829946373659688961,2046.5995,1.5077022,0.93530804
1829946373793906689,2046.6072,-4.3293495,2.3916411
1829946373928124417,2046.5618,0.56150633,1.3644577
1829944921826525185,879.96344,1.1953397,0.22748573
1830447480244797441,823.86285,1.0325377,0.16948009
1830447484539764737,1380.7916,0.6958974,1.2325624
1829947116554813441,2176.795,0.53331417,0.15871677
1830447119467544577,1689.4548,-1.4129328,1.5091084
1830447119467544579,3330.0535,0.29216796,0.4344337
1830300678262620162,4397.073,1.1288189,1.1755259
1830300678396837889,2248.3462,0.27549258,0.2711691
1830300678531055617,2248.3418,0.89968014,1.1552787
1829947129439715329,5945.7847,0.8211271,0.53005046
1830439521670397953,647.3769,2.7248797,1.6594112
1829944934711427073,498.42087,2.15879,0.06458075
1829952953549586433,412.29248,3.0000057,0.5063096
1829952953683804161,412.29236,4.0446234,1.2785203
1830447132352446465,1478.208,-1.3087608,0.98402923
1830447136781631489,1529.5668,0.62110084,0.08526877
1830447136915849217,1529.5668,1.9496318,3.4683375
1830447137184284673,1529.5668,0.8156935,0.57302994
1830447139197550593,1529.5667,-1.2099208,2.4205904
1829945652105183233,991.37476,1.0073332,0.056576326
1829945652239400961,991.3741,4.814569,2.2651942
1829945656400150529,1804.6384,0.60082626,0.21770671
1829945656534368257,1804.6383,0.43144384,0.24492246
1830447140942381058,2051.5535,-1.9275843,4.2821264
1830447149532315649,119.67901,8.330532,0.051636595
1830447497424666625,677.43085,-0.4052005,1.1689984
1830439513214681089,14136.349,2.1139338,2.4148273
1830449318625017857,1430.4247,-0.9413614,1.2480298
1830449318759235585,1430.4247,0.5108115,1.2480298
1829944943301361665,1053.7278,1.1643766,1.5660223
1829944945583063042,970.02594,-0.25291076,1.029985
1829944945717280770,970.02576,3.5504045,1.739679
1829944947596328961,1410.2983,-0.6300144,0.83762807
1829944947730546691,4697.069,0.24842635,0.5567164
1829944947864764419,4697.068,-0.08898477,0.7531008
1829947151048769537,2281.7185,-0.020640925,0.37380144
1829947151182987265,2281.7263,2.0057626,1.3551242
1829947155209519105,5677.823,-6.442717,3.85779
1829947159504486401,1760.4786,1.4857723,0.39960644
1829947159504486404,310.98965,2.9273593,0.19159967
1830447158122250241,294.98138,3.3394356,0.12023768
1830447158122250242,5265.856,0.21313721,0.21456632
1829945660560900098,619.8573,1.9925015,0.6661426
1829945667137568769,1006.2676,1.0579624,0.5970416
1829945669553487873,17321.615,-3.3571546,6.9736857
1830445663473631234,2839.958,0.7306332,0.18834639
1830438920374976513,1056.4889,1.2669533,1.5283171
1830438920374976514,2440.4377,0.51738495,0.24495752
1830438920374976515,4170.71,-0.15140297,0.9525777
1830438924804161537,4641.823,0.20608729,0.7334284
1830300682557587457,2031.6486,0.29445434,0.14311673
1830300686986772481,11938.341,-4.316008,1.5063162
1829945196704432130,244.48245,4.106759,0.05243166
1830449331375702017,4175.8994,-5.290244,2.4795756
1829952936235499521,2271.2314,0.17146465,0.15516113
1830447162551435265,2647.03,0.20682925,0.6738453
1830447162685652993,2646.934,0.4412619,1.0271374
1829953150983864321,418.44327,2.3786206,0.053978987
1829944951891296257,1069.5581,0.96627843,0.09911976
1830449352850538497,958.6781,1.2864964,0.81375384
1830449357145505793,1854.5587,0.68902045,0.09750286
1830440329124249601,759.3698,1.3120675,0.23246889
1830445684948467714,8287.264,0.061993908,0.13282397
1830445685082685441,690.138,1.4072788,0.062156174
1830300652627034113,999.6979,0.51538444,0.3811511
1830300652761251841,999.698,2.5506392,1.0688001
1830447514604535809,366.19775,3.0328383,0.27355984
1829947782274744321,1140.0298,0.8234606,0.056853693
1829944964776198146,6748.493,0.1744627,0.50250787
1829944965044633601,233.25107,4.6769204,0.20122997
1830348605802676225,2470.0916,6.0176063,3.73134
1830448605660446721,647.41974,1.425806,0.056049198
1830448605794664449,647.418,1.6119586,0.06307026
1830348614526828545,1621.8448,0.96158427,0.5092342
1830448618545348609,428.13055,2.307603,0.1128464
1830448618679566337,428.13055,5.0950575,1.725431
1830348622982545409,1871.5457,0.12805946,0.19195625
1830448622706098177,1384.5012,1.0312661,0.9384624
1830448627135283202,1264.5145,0.8570739,0.05567518
1830448627269500930,1264.5145,0.7416268,0.10169734
1829945690625671169,1956.1238,0.41345537,0.9398706
1829945694920638465,7114.218,0.9225571,0.5660131
1829945699215605761,688.7899,1.3552897,0.059879314
1830348631572480001,732.583,1.5290288,0.30719945
1830348631572480003,508.09283,2.2259312,0.239549
1830448635591000065,1376.4664,0.32442087,0.39653647
1830448639885967361,880.84467,1.9241571,0.58558905
1830348640162414593,5361.6157,0.34198397,0.7025397
1830348644457381889,3912.7676,0.6370334,0.40849245
1830448644315152385,1482.2245,0.33605888,0.75733143
1830439581934157825,622.3971,1.0834994,1.4930983
1830439582068375553,622.39734,1.2937725,1.4930983
1830439586229125122,7729.826,0.03896514,0.3540238
1830348666066436097,806.4287,0.9585492,0.38448665
1830348666200653825,806.4287,1.0847098,0.42241955
1830448652905086977,1595.0355,0.4275206,0.086859405
1830348674656370689,3491.907,0.94622487,0.4410859
1830348678817120257,1572.0312,0.857656,0.38948503
1830448674245705729,6311.6323,1.0116972,1.1390547
1830447527489437697,136.47148,7.2337656,0.053914778
1830348683246305281,385.67407,2.68438,0.051552553
1830348683380523009,385.67407,2.5967503,0.05513599
1830448682835640321,281.4918,3.3819323,0.109330714
1830348695996989441,741.2162,1.1819031,0.84618086
1830448691559792641,994.983,1.2281057,0.20289464
1830448691559792642,4529.39,-0.45826375,0.8286118
1830436983344726017,5401.525,0.27698615,0.24532431
1830351715493216258,10768.744,0.065503076,0.23337403
1830445706423304193,1682.2258,1.0019817,3.6011717
1830348709016109057,1153.0555,0.24986678,1.1314225
1830300669806903297,1257.745,1.6621485,4.948014
1830348713176858625,2430.8926,0.3268574,0.083764814
1830448717195378690,8829.512,-0.06874594,1.2546482
1830448717329596419,2150.8591,0.48638588,0.7379707
1830348726061760513,4336.1045,-0.27135766,0.90116066
1830448725919531009,1547.1152,0.38327482,0.50406545
1830348738946662402,7151.203,2.161658,1.0719433
1830348738946662403,1774.347,1.6329166,2.4044743
1830448734643683329,682.55664,2.6496322,2.4014401
1830448738670215169,5917.9087,0.33922875,1.008476
1829945716395474946,2032.7422,0.6044137,0.5692006
1829945716395474947,2631.692,0.038495384,1.3396008
1829945102215151617,484.87653,2.0292091,0.051702563
1830436970459824130,4726.918,0.4258863,0.20034865
1830436970594041857,890.10345,1.1964341,0.2892381
1829953292852002817,7048.539,0.6481521,1.8313227
1829953297012752385,16924.676,0.1869721,0.6617035
1830348751831564291,11333.331,0.7889099,1.2584383
1830448751555117057,448.2475,2.2479224,0.05151361
1830448760279269377,8562.171,0.37598112,0.11033504
1830448760547704833,8562.171,-0.6768592,1.2030708
1830448773029953538,908.22943,0.8405547,0.45099327
1830448773029953539,1656.7556,0.20783764,0.9400111
1830448773164171265,9781.308,0.23040742,1.1405314
1830448773298388993,9781.307,-0.4747976,1.8897002
1830448781619888130,2932.9614,3.0867906,2.5172207
1830348494133526529,433.57364,2.347336,0.14445272
1830445728032358402,3225.235,0.46357656,0.20170596
1830445728300793858,3225.2388,1.086808,1.6175817
1830351723948933121,1091.3143,-0.90626234,0.7462349
1830447531784404993,910.2586,0.5006138,0.62796545
1829945733575344129,946.69977,1.0398192,0.05775483
1829945733709561858,6533.8013,1.2565671,3.0544443
1829945733843779586,6533.8013,-2.1207213,3.4961827
1830440389253791745,2720.446,-0.0428899,4.09198
1830300051331612673,7849.9346,-2.7254865,4.9531302
1829945742165278721,1128.0046,0.98552537,0.06787388
1830445740783042562,1011.7041,1.1393709,0.20465076
1830445740917260289,898.0861,1.1690443,0.10396659
1830445749372977153,2722.9731,0.48524913,0.2328804
1830445757962911745,253.27893,3.9824932,0.052180056
1830445758097129475,877.76337,1.1862342,0.2358673
1830445758231347203,877.76337,1.1066138,2.4267502
1829945115100053505,380.04752,2.6378117,0.2092676
1829945115100053506,1513.7404,0.6297729,0.27648714
1829945115234271235,4406.205,0.3831091,0.6065877
1830440393682976769,2561.0112,0.7964074,0.8726341
1830300643902881793,14206.101,1.3067906,2.45754
1829945772230049793,230.16045,4.130491,0.08868772
1829945776525017089,16363.828,1.2832453,1.7194563
1830445770847813633,549.7772,1.8752894,0.051807854
1829945763640115201,1444.7483,-0.48440668,1.3247689
1829945767935082498,8959.338,0.9361724,0.6261995
1829945768069300225,830.3416,1.1467235,0.056692302
1829945768203517953,830.3416,1.2978517,0.074300766
1829945768337735681,830.34125,1.2603873,0.2115073
1830445760513048579,877.76337,1.4330347,0.6135679
1830436940395053057,1182.2341,0.9651036,0.48749214
1830436944690020353,822.16187,0.5678802,0.38538358
1830439654814384129,558.81195,-2.1371627,4.2939835
1830439654814384130,3189.5806,0.6358621,1.6120454
1830445796617617409,1965.6248,0.46845812,0.95225686
1829946528144293889,700.78564,1.6253695,0.2873587
1829944982358720513,1955.3094,0.43772233,0.150833
1829944984237768705,1955.3093,7.0682955,2.3993502
1830439641929482241,791.8643,1.0575968,0.2752777
1830436923215183873,1162.4031,0.9234781,0.24208063
1829944990546001921,715.1878,1.44562,0.06124918
1829944994975186945,1140.3246,0.928923,0.07020426
1829944995109404673,1140.3246,2.670931,1.9766283
1829944999270154241,684.817,1.4436725,0.055145726
1829944999404371969,684.8174,2.4701545,1.301369
1829944999538589697,684.8047,2.106495,0.57053936
1829945128119173121,5553.8164,1.8528277,1.531885
1830348511313395713,3049.9146,0.61355466,0.4728195
1830348515608363009,565.39404,1.5568867,0.27917126
1830348504870944769,601.0104,1.1640202,0.7375873
1830348532788232193,3351.4084,0.018166885,3.8838813
1830348537217417217,5044.9824,0.23608272,0.7484873
1829946541029195777,1711.9246,0.6910861,0.963834
1829946545458380801,925.58386,3.1937327,1.805452
1830348545673134081,800.5236,0.4046335,0.4491993
1830348545807351810,2006.4502,0.55055374,0.08244149
1830348546210004994,2006.4264,0.96473676,0.3358265
1830348549968101377,3611.3093,0.38419393,0.26489484
1830448541235937281,1151.6156,0.8599049,0.09407766
1830448541370155009,1151.6154,0.85991144,0.13428521
1830448545530904577,1112.886,1.0305089,0.058073267
1830448545665122305,1112.886,0.7924715,1.7741278
1830439637634514946,1183.806,0.8919469,0.058579426
1830348554397286401,1596.6288,0.28071803,0.44779274
1830348554531504129,1596.6283,1.9779929,1.9189327
1830436910330281985,446.10196,2.3508654,0.10296068
1830436914625249281,850.021,2.778402,1.2418399
1830448562576556034,3010.3894,0.22852397,0.096280664
1830448567005741057,4294.296,3.5842996,2.586019
1830348575737905153,15106.648,-0.12716784,0.5174361
1830448575461457921,1132.1755,2.7424898,2.4212646
1830348584462057473,14176.451,0.13037427,1.3976015
1829945132414140417,4176.052,-0.40966547,0.77400404
1829945136709107713,1255.6595,1.4748173,0.43062675
1829945136843325441,1255.6589,0.48678204,1.7403265
1830348592917774337,4777.8994,-0.459172,3.9576046
1830348593051992066,14312.016,3.964924,2.7619457
1830448596936294401,1997.5577,2.806462,1.311068
1830348803371171841,1989.1471,0.576331,0.06666045
1830448803363160065,784.6924,1.3118223,0.053403307
1830448807523909633,1100.7699,0.57371515,0.16914159
1830448807658127361,1100.7699,-0.6744087,1.756175
1830448807792345089,1100.7699,0.96423686,0.07426351
1830439624749613057,3734.4062,0.45496127,0.17047942
1830448811684659202,1332.4749,2.67776,1.278833
1830448824569561089,2359.6033,0.9212226,0.3603297
1830448828864528385,304.22458,3.3737352,0.4102755
1830448839601946625,561.4811,1.6640477,0.511118
1830348846455062529,269.36252,4.343029,0.43892792
1830348846589280257,269.36255,3.709436,0.43892792
1830448841749430273,9652.7,-0.7339824,0.78839546
1830447557688426497,9056.091,0.18164259,0.41955587
1830448850339364867,2184.8682,1.0044724,2.6284122
1830448850473582593,1201.2782,0.733143,0.54497015
1830448850607800321,1201.2749,1.9345311,1.5547891
1830448858929299457,240.38422,4.1420665,0.061621957
1830300609543143425,12562.321,2.3108377,1.6319684
1830448867519234050,5290.3013,0.037042685,0.6998095
1830348287975096321,728.7209,1.1675208,0.3859541
1830348902289637377,2123.4438,0.4812337,0.27415502
1830348902423855105,2123.444,-1.1807826,2.7140052
1830348906450386945,1034.869,0.8599535,0.11250692
1830448901878972417,264.24966,3.2994802,0.21912958
1830448902013190146,591.93134,1.5029396,0.2661504
1830448902147407874,591.9319,2.2877643,0.679117
1830448906173939713,497.02744,2.075883,0.05353578
1829946571093966849,710.2813,1.4127561,0.0537995
1829946575388934145,985.1782,0.110073745,1.1773878
1829946575523151874,2027.0747,0.39174256,0.17774378
1829946575657369602,2027.0782,1.0772094,2.2021034
1829946579683901442,897.4802,1.1029838,0.10218163
1829946579818119169,673.92224,1.484441,0.05448332
1829946579952336897,673.92224,1.6610469,0.20187263
1830348910879571969,834.61096,1.2468867,0.07420416
1830348910879571970,7643.564,0.26665327,1.2001061
1830348911013789697,834.6108,1.2751738,0.38481835
1830348911148007425,834.6052,1.1178997,0.11646378
1830348911282225153,834.60724,1.1190413,0.16241612
1830348915040321537,997.5185,1.0906535,0.11521133
1830448910468907010,3216.2427,0.106390186,0.6096634
1830448910603124737,643.3252,1.4180161,0.06312808
1830448910737342465,643.32526,1.6197401,0.09382863
1830448919058841603,1315.4812,-0.077289544,0.7038811
1830300042607460353,716.0266,1.4378226,0.108317286
1830300042741678082,1197.7097,-1.059386,1.1708384
1830300042875895810,1197.7097,0.7919797,1.1708384
1830300043010113538,1197.7097,0.74518716,0.11748793
1830300046902427649,234.44089,3.1548197,1.9444058
1830348932220190721,2448.5203,0.46417192,0.36648482
1830448932077961217,7444.773,-0.054248504,1.1033633
1830448932212178945,7444.773,-0.12724203,1.1033633
1830436781615480833,927.86914,4.2235813,2.1117587
1830436785776230401,713.98346,0.5362235,0.6929944
1830436785776230403,11582.238,-1.2434603,1.172988
1830436785910448130,2275.6711,-4.548367,2.1235666
1830348957989994497,594.3708,1.7235334,0.06406495
1830448957713547266,1252.3882,1.1623049,0.99952793
1830448957847764993,5327.2314,0.27479914,0.053567443
1830348945239310337,12404.211,6.5792394,5.6368313
1830348949400059905,351.93665,2.802835,0.11494721
1829946580086554625,673.92224,1.924854,0.17722018
1830348292404281345,6695.204,3.2535648,1.8594497
1830348292672716801,6695.205,0.18827401,0.17477025
1830439465835823105,2212.1833,0.66819334,0.19253941
1830448962142732290,499.04626,1.9502023,0.051833063
1830448962276950018,499.04626,2.042332,0.057391983
1830436772891328513,443.6655,2.077284,0.10879053
1830348979599048705,440.98,5.343082,1.22226
1830448979188383745,981.0998,0.15661904,0.52972525
1830348988188983297,8137.479,-0.054324105,0.98619527
1830448983617568769,630.5922,0.66366744,2.2050292
1830448996502470657,661.5142,0.8765265,1.4704548
1830448996502470658,2580.388,0.42594838,0.12507412
1830448996502470659,5445.1426,-0.29988638,0.73480004
1830300012542689281,939.8389,1.2230766,0.16089915
1829945140869857281,1741.597,0.182086,1.3353733
1829945140869857282,927.2909,1.3285311,0.27542531
1829945145164824577,359.06232,2.790786,0.11681192
1829945149459791873,701.9132,1.475881,0.057191994
1830436764301393921,1117.8195,2.9165406,2.4292295
1830436764301393922,1194.1735,0.8716531,0.16330363
1830300029856776193,3416.8357,-0.104692444,0.21311966
1830439895332552705,1642.9858,1.2308828,0.50392985
1830439899627520001,2365.5571,0.162569,0.15926366
1829946803022200833,910.01276,0.8373061,0.77322245
1829946803156418562,3692.2542,0.26289755,0.6002418
1829946807451385857,403.74646,2.7583418,0.16803537
1829946807585603585,403.74686,2.1808512,1.2470751
1830439852382879745,5387.2886,-1.8104889,2.5172627
1830439856677847041,1183.3856,0.9303676,1.0900468
1830439835203010561,276.4061,3.8916683,0.24331556
1829946811612135425,859.38586,-1.3272055,2.6382468
1829945158049726465,643.7447,-0.5961141,1.3798243
1829946820202070017,4232.537,0.28075162,0.07331764
1829946829060440065,390.0618,3.127419,2.5216217
1830446827543986177,3562.8645,0.44006684,0.36625445
1830446827812421633,3562.8684,0.12177594,0.14694372
1830300094147067905,2306.0898,-0.27039725,0.75597817
1830300098576252930,625.591,1.3130025,0.20158894
1830300098710470658,625.589,2.4071,1.11004
1830300098844688386,625.6033,1.6168832,0.081393085
1830436738665807873,832.40204,1.1570507,0.19441591
1830447570573328385,1071.3552,0.9422178,0.053952917
1830447570707546113,1071.3562,0.90784127,0.071577065
1830447570841763841,1071.3447,1.7687495,0.5788739
1829946837381939201,400.35416,2.569122,0.07049544
1830446831838953473,1994.9327,0.64113736,0.15167856
1830446840428888065,1137.1556,0.93010086,0.06135693
1830446840428888066,1908.5836,0.25545797,0.42750338
1830446840697323521,1137.1556,0.83341247,0.108660184
1830446848884604929,1211.6415,-0.27998132,0.566857
1829945166773878785,3491.0405,-0.1565512,0.8416131
1829945167042314241,3491.0403,0.2965721,2.826137
1829946850401058817,784.2349,1.2230531,0.065354295
1830446857608757249,9772.11,0.121504016,0.06520366
1830439431476084737,2388.1748,1.2514418,0.52402085
1830436721351720961,266.22302,4.122142,0.18918799
1830436721351720962,3512.2815,3.6055424,1.2869345
1829946867446710273,595.3019,1.9176418,0.35123387
1830447596208914434,2845.6304,0.46299565,0.5708038
1830447596343132161,966.1053,1.0928895,0.076969594
1830447596477349889,966.10406,0.9907696,0.5232854
1829946871741677569,1183.3516,0.75250125,0.22462985
1830446870359441410,8410.334,0.91322285,1.0321004
1829953181182853121,1042.7092,-0.19773701,3.211446
1829953185343602689,10092.863,4.0833507,2.779177
1830300145686675457,688.41565,1.4434359,0.053222563
1829946888921546753,1694.0353,0.8642279,0.16458453
1830446887673528321,1010.43445,1.1180204,0.40615606
1830448395072831489,1356.5723,0.81645024,0.09875555
1830439427181117441,836.8438,1.1559578,0.055489477
1830348305154965505,650.7657,1.6625496,0.08935706
1829946893216514049,285.4344,3.5060399,0.083180934
1829946893216514050,1717.243,0.21862787,0.16810839
1830446896129245185,831.25806,1.2992643,0.7685606
1830348318039867393,794.7813,1.0701071,0.106896974
1830446909014147073,452.51892,4.17393,0.99669915
1830436893284630529,1351.4142,0.68517506,0.085906684
1830436893418848257,1351.4142,-0.009152047,0.85649323
1830348335219736577,268.30612,4.470333,0.45552406
1830448334943289345,744.8356,1.2695862,0.06493549
1830448335077507074,1217.3771,2.1032445,2.0784996
1830448335211724802,1217.3771,5.197356,2.1738238
1830448339238256641,799.549,1.7078099,0.932128
1830300128506806274,3409.8616,0.30648327,0.29647213
1830436884694695937,1181.8895,0.8769789,0.08791546
1830436884828913665,1181.8895,0.7752532,0.10335145
1830448352123158529,368.5024,2.7404313,0.05603617
1830438688446742529,5198.4326,-1.5546533,3.8815327
1830438671266873345,2201.134,0.46705106,0.4128941
1830438675696058369,656.1227,1.7787931,0.8291251
1830436863085641729,402.81525,2.4033396,0.06048841
1830436863085641730,1761.7268,0.3103111,0.34636036
1830436863085641731,2001.2734,0.22215408,1.1256713
1830436850334957571,5663.768,-0.6170223,1.6172842
1830436854629924865,488.13892,2.1439507,0.052197177
1830436854764142593,488.1349,2.088647,0.053127505
1829946927710470145,798.22626,1.6548042,0.61619234
1829946927844687873,798.22626,2.1023307,0.52076745
1829946927978905601,798.22626,3.5006416,2.1177824
1830300132801773569,416.00092,2.4298518,0.0543252
1830300137096740865,609.48694,1.0420364,0.35938397
1830448407957733377,309.2105,3.2526765,0.052350823
1830352282294681602,1529.5359,1.6390554,1.3371441
1830352282428899329,7450.1235,0.97569394,0.5805142
1830436822283452417,592.91376,1.4985132,0.26339963
1829953335667458049,3227.7432,-9.602548,4.2333884
1829953335801675778,2670.5845,0.30558577,0.15083782
1829953335935893506,2670.5845,0.36875156,0.31913936
1829953339962425345,2548.3757,0.47209606,0.11586717
1830436816109436929,1379.0422,6.462941,2.7274244
1830448412252700674,2299.7986,-1.3469634,1.6040807
1830448412386918401,772.7305,1.2696797,0.05345123
1830448412521136129,772.73,1.7567325,0.9185349
1830352256524877825,1179.1707,0.7971935,0.071765535
1830439491739844609,4756.5483,0.37088767,0.19057462
1830439495900594178,3144.7615,-0.23947997,1.0935564
1830439495900594180,4504.0317,0.30995384,0.17026557
1830439496034811905,795.54504,0.6030387,0.23977299
1830439496169029633,795.5451,0.062103935,1.8058531
1830439496303247361,795.5454,1.2027618,0.08077395
1830446952098037762,12317.746,0.10249644,0.078922935
1830446956258787329,1019.1875,0.9552246,0.059293605
1830446956258787330,1267.613,0.7368954,0.21624525
1830352260819845123,4475.3584,0.3801743,0.29840112
1830352269543997441,615.70557,1.6180074,0.18609752
1830352269678215169,615.70557,1.8217797,0.6167853
1830438770051121153,1640.0667,1.1380723,0.4968407
1830438770051121154,10152.108,1.2155956,2.8169
1830438778641055745,2750.091,0.74112594,0.36090255
1829946966230958081,13720.111,2.282687,1.6592542
1830446960687972353,4455.5693,0.01613532,0.6656473
1830352235184259073,1856.0458,2.5820806,1.5206568
1830300111326937090,1063.5045,1.0152856,0.064031534
1830300111461154817,251.74504,3.9052165,0.052491933
1830300111595372545,251.7451,3.932469,0.05368892
1830446977733623809,594.59406,1.7672586,0.06349263
1830352243639975937,452.12042,2.0452964,0.15433213
1830352247934943233,135.63771,6.766813,2.8229964
1830300781341835265,3777.8928,1.8987371,1.4126259
1830350787646062593,3931.7788,2.3319638,1.3237088
1829946983545044993,16042.547,-0.6919585,2.6636183
1830446982431244289,10338.117,-0.93515444,1.2723651
1830446995047710721,1566.4438,0.93711317,0.2887898
1830438761461186561,1610.9307,1.1933724,1.3327843
1830438765756153857,1372.4332,0.24173987,0.5884184
1830352226460106753,1035.6652,0.101355225,0.9236217
1830439474425757697,4380.6655,0.8640483,0.79162014
1830439478720724993,729.54346,1.1045965,0.7750204
1830439478854942722,879.2642,0.8121851,0.49226868
1830352295179583489,510.3516,2.0219853,0.7245601
1830350792075247617,155.71394,6.426439,0.052005757
1830350792209465345,155.714,6.4035416,0.084638596
1830350796370214913,10207.897,0.41115838,2.4780126
1830350796504432641,10207.897,-0.15549624,2.4780126
1830439130828374017,562.5073,2.5224955,1.6807814
1830439130828374018,2576.9446,0.7440759,0.17044768
1830352381213147137,480.9509,2.0620363,0.052445225
1830352381347364865,480.95087,2.0604007,0.08648155
1830300768591151105,5603.678,-0.014278296,0.3767529
1830300768725368833,5603.678,3.2872381,3.229678
1830448451041624065,896.8267,1.1638746,0.16166763
1830448451041624066,875.9108,0.50511074,0.83898395
1830448451175841793,896.82635,1.6017517,0.5142987
1830448451175841794,875.911,1.5780175,1.4091842
1830352376918179841,2818.3232,-0.08946414,1.2773356
1830352377052397569,2818.3232,-1.4524281,1.6389192
1829953344391610369,6448.1396,0.33640873,0.9457553
1830439120359391234,1161.3704,1.9906275,1.2365173
1830300772886118401,3414.9326,-1.5298682,1.3951355
1830300777046867969,350.05194,2.7612517,0.070740476
1830352351148376065,360.74313,2.707965,0.052867703
1830352351282593793,360.74313,2.7299006,0.14669912
1830438757300436993,520.70404,1.5654768,0.21289766
1830438757434654721,520.71954,3.9400704,1.0095237
1830438757568872449,520.62866,1.7471437,0.13473012
1830352342424223745,8696.257,-0.025422044,0.7389094
1830351109768609793,1448.5309,0.7364321,0.479587
1830448468221493249,573.8364,1.6951641,0.2249423
1830448468355710977,573.8364,1.533349,0.2586333
1830300747116314625,678.5216,1.3914887,0.07553435
1830300747250532353,678.5214,1.5909005,0.22282857
1830300747384750081,678.55194,1.4855845,0.06074592
1830352320949387265,972.3089,0.9219964,0.056796752
1830352321083604994,2105.559,0.6343156,0.16319577
1830350753420541953,297.78113,2.8368623,0.5287459
1830350757581291521,3543.5764,-0.14170596,0.27016437
1830439118077689858,1161.3707,0.97148705,0.079871036
1830300725507260417,763.0486,1.2713926,0.07044454
1830300729802227713,493.02966,1.0014801,0.7261137
1830350727516520449,1591.112,0.631764,0.08834561
1830352316788637697,1104.7448,-1.2933513,1.3282714
1830352316922855425,1104.7043,2.4114275,1.5830971
1830352317057073153,1104.7252,1.2743942,1.5830971
1830300738526380033,851.59515,1.0946474,0.06619379
1830300738660597761,851.59515,-0.10476848,3.2898545
1830352050500665346,2755.878,-0.008160136,0.36733282
1830352067546316801,1021.9325,2.2003057,0.47839752
1830348485543591937,760.531,1.2404631,0.11335063
1830300704032423937,2054.626,0.51891863,0.12797225
1830352041776513025,1832.1064,-0.54949415,0.86209476
1830350710470868993,1126.9529,1.2094387,1.0223861
1830350710739304449,1126.961,0.67245,1.3193735
1830350714631618562,1578.208,0.72190857,0.076805875
1830350800530964482,16543.383,2.7327242,4.113387
1830350809120899074,1112.2603,0.9946118,1.1279192
1830352028891611137,587.7803,1.6718478,0.053297102
1830438739986350081,1158.7467,1.552792,0.3761671
1829947314391744513,1335.1688,-1.8467923,2.6282852
1829947314525962241,1335.1643,0.21082188,0.73515904
1829947316405010433,1335.1691,-1.1884733,2.5724418
1829947327008210945,657.47986,-0.20712987,1.0915407
1829947327142428674,1323.148,0.61429983,0.067126565
1829947327276646402,1323.148,3.4615471,2.127436
1830438722806480897,823.90393,-1.893588,1.7306052
1830352093450338305,2240.5977,1.9689455,4.4164324
1830352097611087873,2550.6846,1.1896199,1.4878438
1830300489284059137,2007.9922,0.37841696,0.13233097
1830438714350764033,3103.592,0.38297662,0.113732666
1829947357072982017,1897.1968,0.05412185,0.84175926
1830439190957916161,2485.6108,0.08301779,0.67977726
1830439199682068481,811.2964,0.7240394,1.5378952
1830300459353505793,15334.384,0.71963674,2.936663
1830300459487723521,15334.384,-4.1093235,3.5156257
